"","Participant.Private.ID","first"
"1",4332728,"bothFirst"
"2",4333147,"oneFirst"
"3",4333569,"bothFirst"
"4",4333590,"oneFirst"
"5",4334401,"oneFirst"
"6",4334877,"bothFirst"
"7",4336146,"bothFirst"
"8",4336342,"oneFirst"
"9",4339358,"oneFirst"
"10",4354253,"bothFirst"
"11",4372219,"bothFirst"
"12",4373538,"oneFirst"
"13",4379880,"bothFirst"
"14",4381159,"oneFirst"
"15",4384320,"oneFirst"
"16",4392148,"bothFirst"
"17",4404605,"oneFirst"
"18",4408537,"bothFirst"
"19",4424285,"oneFirst"
"20",4429865,"bothFirst"
"21",4443776,"oneFirst"
"22",4445309,"bothFirst"
"23",4447916,"oneFirst"
"24",4447985,"bothFirst"
"25",4448050,"oneFirst"
"26",4449101,"bothFirst"
"27",4449137,"oneFirst"
"28",4449369,"bothFirst"
"29",4449420,"bothFirst"
"30",4449574,"oneFirst"
"31",4449717,"oneFirst"
"32",4450348,"oneFirst"
"33",4450899,"bothFirst"
"34",4452039,"oneFirst"
"35",4452506,"bothFirst"
"36",4454520,"oneFirst"
"37",4460944,"bothFirst"
"38",4469128,"oneFirst"
"39",4472380,"bothFirst"
"40",4475413,"oneFirst"
"41",4476704,"bothFirst"
"42",4482002,"bothFirst"
"43",4488838,"oneFirst"
"44",4489139,"bothFirst"
"45",4491824,"bothFirst"
"46",4494914,"oneFirst"
"47",4495135,"bothFirst"
"48",4495599,"oneFirst"
"49",4497128,"bothFirst"
"50",4497415,"oneFirst"
"51",4505777,"bothFirst"
"52",4521037,"oneFirst"
"53",4690432,"bothFirst"
"54",4821358,"oneFirst"
"55",4848619,"bothFirst"
"56",5063232,"oneFirst"
"57",5122499,"bothFirst"
"58",5123950,"oneFirst"
"59",5128386,"oneFirst"
"60",5185783,"oneFirst"
"61",5186811,"bothFirst"
"62",5193241,"oneFirst"
"63",5198273,"bothFirst"
"64",5207972,"bothFirst"
"65",5361762,"oneFirst"
"66",5387474,"bothFirst"
"67",5388619,"bothFirst"
"68",5389739,"oneFirst"
"69",5407126,"bothFirst"
"70",5409261,"oneFirst"
"71",5409913,"bothFirst"
"72",5410548,"bothFirst"
"73",5470308,"oneFirst"
"74",5498486,"bothFirst"
"75",5550049,"bothFirst"
"76",NA,""
